{
  "columns": [
    "total_calories",
    "total_fat",
    "total_carb",
    "total_protein",
    "total_mass"
  ],
  "mean": [
    254.13565063476562,
    12.643451690673828,
    19.479455947875977,
    17.862302780151367,
    215.090576171875
  ],
  "std": [
    220.3295135498047,
    13.515871047973633,
    22.476314544677734,
    19.812353134155273,
    162.94869995117188
  ]
}