{
  "columns": [
    "total_calories",
    "total_fat",
    "total_carb",
    "total_protein",
    "total_mass"
  ],
  "mean": [
    252.93701171875,
    12.705818176269531,
    19.073244094848633,
    17.84255599975586,
    213.6961212158203
  ],
  "std": [
    209.7900848388672,
    13.6524076461792,
    16.180368423461914,
    19.82470703125,
    153.76412963867188
  ]
}